# id	severity	scope	regex	message	issue
#
# Project-specific stale-design rules, scanned by scripts/lint_architecture_debt.sh.
#
# severity:
#   error  fails the run. Use once a rule's existing matches are all fixed or
#          allowlisted, so any new match is a real regression.
#   warn   reported, does not fail. Use while a shape still has known matches:
#          the point is to keep them VISIBLE and countable, not to block work.
#
# Existing matches go in scripts/architecture_debt_allowlist.txt (exact line for
# stable debt, `*` only for generated files). A `warn` rule does not need
# allowlist entries -- that is the difference between the two severities.
#
# The two rules below are shapes that produced real, shipped defects. Neither
# is wrong on its own; both are places where the code answers a DIFFERENT
# question from the one it means to ask, so every match deserves a second look.

ARCH010	warn	lib/@vibe/compiler/**/*.vibe	None => CtUnknown	absence of information treated as "anything goes": CtUnknown unifies with everything, so a name that could not be resolved typechecks and fails later in codegen. Confirm the fallback is a real "not our business" case, not a missing check	#1521
ARCH011	warn	lib/@vibe/compiler/**/*.vibe	Some\([a-z_]+\) => if [a-z_]+ ==	single answer used to decide a membership question: a first-match lookup answers "what does the FIRST entry say", which is a different question from "does THIS one appear" whenever the table can hold the key twice (constructor names across enums, struct shapes, ctor->enum maps). Prefer a `has`/`contains` predicate over the run of equal keys	#1491
